<?xml version="1.0" encoding="utf-8"?>
<odoo>
    <data noupdate="1">

        <!--Email template -->
        <record id="email_template_payment" model="mail.template">
            <field name="name">Payment - Send by Email</field>
            <field name="email_from">{{'%s &lt;%s&gt;' % (object.company_id.name, object.company_id.email or '')}}</field>
            <field name="subject">Ref:{{object.name or 'n/a'}}</field>
            <field name="partner_to">{{object.partner_id.id}}</field>
            <field name="model_id" ref="account.model_account_payment"/>
            <field name="auto_delete" eval="True"/>
            <field name="report_template" ref="report_payments"/>
            <field name="report_name">{{object.name.replace('/', '_') + '.pdf'}}</field>
            <field name="lang">{{object.partner_id.lang}}</field>
            <field name="body_html"><![CDATA[
            <p>Hola, <span t-esc='object.partner_id.name'/></p>
			<p>Anexo encontrará su complemento de pago.</p>
			<p>Saludos.</p>
			  <!-- <p style="color:#eeeeee;">
			% if object.company_id and object.company_id.signature:
			     ${object.company_id.portal_confirmation_sign | safe} 
			    
			% endif
			</p>  -->
			]]>
				
			</field>
        </record>
        
        
        <record id="email_template_alarma_de_saldo" model="mail.template">
            <field name="name">Alarma de Saldo</field>
            <field name="email_from">{{('%s &lt;%s&gt;' % (object.name, object.email) or '')}}</field>
            <field name="subject">Ref: Alarma de Saldo</field>
            <!-- <field name="partner_to">${object.partner_id.id}</field> -->
            <field name="model_id" ref="base.model_res_company"/>
            <field name="auto_delete" eval="True"/>
            <!-- <field name="report_template" ref="report_payments"/>
            <field name="report_name">${object.name.replace('/', '_') + '.pdf'}</field> -->
            <field name="lang">{{object.partner_id.lang}}</field>
            <field name="body_html"><![CDATA[
El saldo de timbres es menor al monto seleccionado. Por favor contacte a su proveedor de timbres para adquirir más
]]></field>
        </record>

        <record id="email_template_alarma_de_csd" model="mail.template">
            <field name="name">Alarma de CSD</field>
            <field name="email_from">{{('%s &lt;%s&gt;' % (object.name, object.email) or '')}}</field>
            <field name="subject">Ref: Alarma de CSD</field>
            <!-- <field name="partner_to">${object.partner_id.id}</field> -->
            <field name="model_id" ref="base.model_res_company"/>
            <field name="auto_delete" eval="True"/>
            <!-- <field name="report_template" ref="report_payments"/>
            <field name="report_name">${object.name.replace('/', '_') + '.pdf'}</field> -->
            <field name="lang">{{object.partner_id.lang}}</field>
            <field name="body_html"><![CDATA[
La vigencia de tus certificados CSD está próxima, genera tus nuevos certificados y cámbialos en la configuración de la compañía.
]]></field>
        </record>

        <record id="email_template_alarma_vencimiento" model="mail.template">
            <field name="name">Alarma de vencimiento de timbres</field>
            <field name="email_from">{{('%s &lt;%s&gt;' % (object.name, object.email) or '')}}</field>
            <field name="subject">Ref: Alarma de vencimiento de timbres</field>
            <!-- <field name="partner_to">${object.partner_id.id}</field> -->
            <field name="model_id" ref="base.model_res_company"/>
            <field name="auto_delete" eval="True"/>
            <!-- <field name="report_template" ref="report_payments"/>
            <field name="report_name">${object.name.replace('/', '_') + '.pdf'}</field> -->
            <field name="lang">{{object.partner_id.lang}}</field>
            <field name="body_html"><![CDATA[
La vigencia de tus timbres está próxima, para mantener vigentes tus timbres debes comprar un nuevo paquete, contacta a tu distribuidor de timbres.
]]></field>
        </record>

    </data>
</odoo>
